<?xml version="1.0" encoding="utf-8"?>
<Defs>

	<TaranMagicFramework.AbilityResourceDef>
		<defName>SR_NewKIResource</defName>
		<label>KI</label>
		<abilityResourceType>SaiyanMod.AbilityResourceKI</abilityResourceType>
		<baseEnergyGainPerTick>0.007</baseEnergyGainPerTick>
		<maxEnergyStat>SR_MaxKIEnergy</maxEnergyStat>
		<energyRegenMultiplierStat>SR_KIEnergyRegenRateMultiplier</energyRegenMultiplierStat>
		<energyUsageMultiplierStat>SR_KIUsageMultiplier</energyUsageMultiplierStat>
	</TaranMagicFramework.AbilityResourceDef>
	
	<TaranMagicFramework.AbilityCategoryDef>
		<defName>SR_LightPassiveRank</defName>
		<order>1</order>
		<showTitle>false</showTitle>
	</TaranMagicFramework.AbilityCategoryDef>
	
	<TaranMagicFramework.AbilityCategoryDef>
		<defName>SR_BasicRank</defName>
		<label>Basic KI Skills</label>
		<order>1</order>
	</TaranMagicFramework.AbilityCategoryDef>
	
	<TaranMagicFramework.AbilityCategoryDef>
		<defName>SR_PassiveRank</defName>
		<label>Passive KI Skills</label>
		<order>2</order>
	</TaranMagicFramework.AbilityCategoryDef>
	
	<TaranMagicFramework.AbilityCategoryDef>
		<defName>SR_AdvancedRank</defName>
		<label>Advanced KI Skills</label>
		<order>3</order>
	</TaranMagicFramework.AbilityCategoryDef>

	<TaranMagicFramework.AbilityCategoryDef>
		<defName>SR_SuperSaiyan</defName>
		<label>Super Saiyan</label>
		<order>4</order>
	</TaranMagicFramework.AbilityCategoryDef>
	
	<TaranMagicFramework.AbilityCategoryDef>
		<defName>SR_SuperSaiyan2</defName>
		<label>Super Saiyan 2 and 3</label>
		<order>5</order>
	</TaranMagicFramework.AbilityCategoryDef>
	
	<TaranMagicFramework.AbilityCategoryDef>
		<defName>SR_Awakened</defName>
		<order>4</order>
		<showTitle>false</showTitle>
	</TaranMagicFramework.AbilityCategoryDef>
	
	<TaranMagicFramework.AbilityModGroupDef>
		<defName>SR_SaiyanMod</defName>
	</TaranMagicFramework.AbilityModGroupDef>
	
	<TaranMagicFramework.AbilityDef Name="SR_SaiyanAbilityBase" Abstract="True">
		<abilityClass>SaiyanMod.KIAbility</abilityClass>
		<abilityModGroup>SR_SaiyanMod</abilityModGroup>
	</TaranMagicFramework.AbilityDef>
</Defs>