<?xml version="1.0" encoding="utf-8"?>
<Defs>

	<TaranMagicFramework.AbilityTreeDef>
		<defName>SR_HalfSaiyanAbilityTree</defName>
		<backgroundTexPath>UI/Backgrounds/HalfSaiyan</backgroundTexPath>
	</TaranMagicFramework.AbilityTreeDef>

	<TaranMagicFramework.AbilityDef Name="SR_HalfSaiyanAbilityTree" ParentName="SR_SaiyanAbilityBase" Abstract="True">
		<abilityTrees>
			<li>SR_HalfSaiyanAbilityTree</li>
		</abilityTrees>
	</TaranMagicFramework.AbilityDef>

	<TaranMagicFramework.AbilityDef Name="SR_HalfSaiyanLigthPassives" ParentName="SR_HalfSaiyanAbilityTree" Abstract="True">
		<abilityRank>SR_LightPassiveRank</abilityRank>
		<abilityClass>SaiyanMod.KIAbilityPassive</abilityClass>
		<showMastered>false</showMastered>
		<abilityTrees>
			<li>SR_HalfSaiyanAbilityTree</li>
		</abilityTrees>
	</TaranMagicFramework.AbilityDef>

	<TaranMagicFramework.AbilityDef Name="SR_HalfSaiyanPassiveKISkill" ParentName="SR_HalfSaiyanAbilityTree" Abstract="True">
		<abilityRank>SR_PassiveRank</abilityRank>
		<abilityTrees>
			<li>SR_HalfSaiyanAbilityTree</li>
		</abilityTrees>
	</TaranMagicFramework.AbilityDef>

	<TaranMagicFramework.AbilityDef Name="SR_HalfSaiyanAdvancedKISkill" ParentName="SR_HalfSaiyanAbilityTree" Abstract="True">
		<abilityRank>SR_AdvancedRank</abilityRank>
	</TaranMagicFramework.AbilityDef>

	<TaranMagicFramework.AbilityDef Name="SR_HalfSuperSaiyanKISkill" ParentName="SR_HalfSaiyanAbilityTree" Abstract="True">
		<abilityRank>SR_SuperSaiyan</abilityRank>
	</TaranMagicFramework.AbilityDef>
	
	<TaranMagicFramework.AbilityDef Name="SR_HalfSuperSaiyan2KISkill" ParentName="SR_HalfSaiyanAbilityTree" Abstract="True">
		<abilityRank>SR_SuperSaiyan2</abilityRank>
	</TaranMagicFramework.AbilityDef>
	
	<TaranMagicFramework.AbilityDef ParentName="SR_HalfSuperSaiyan2KISkill"> <!-- Change the ParentName -->
		<defName>SR_Mystic</defName> <!-- Use newly named defName, defName cannot be share by 2 def -->
		<label>Mystic</label> <!-- The in game name that will be shown when your cursor hover on the skill icon -->
		<uiSkillIcon>UI/Buttons/Mystic</uiSkillIcon> <!-- Texture path to your skill icons -->
		<abilityClass>SaiyanMod.KIAbility_Mystic</abilityClass> <!-- This point to the C# class code for the ability you write, have to use namespace SaiyanMod for some reason -->
		<hidden>false</hidden>
		<abilityTiers>
			<li Class="SaiyanMod.AbilityTierKIDef">SR_Mystic_Tier1</li> <!-- should contain all the skill tier listed below this def. -->
		</abilityTiers>
		<abilityTrees>
			<li>SR_HumanAbilityTree</li>
		</abilityTrees>
		<unlockedWhenMastered>
		    <li>SR_SSJControl</li>
			<li>SR_SuperSaiyan2</li>
		</unlockedWhenMastered>
	</TaranMagicFramework.AbilityDef>
	
	<SaiyanMod.AbilityTierKIDef>
		<defName>SR_Mystic_Tier1</defName> <!-- Use newly named defName, defName cannot be share by 2 def -->
		<label>Mystic</label> <!-- The ingame name that will be shown when your cursor hover on the skill icon, any string is fine -->
		<description>Pawn gains an absurd power boost as they tap into something beyond Super Saiyan.</description>
		<glowProps>
			<glowColor>255, 255, 255</glowColor>
			<glowRadius>4</glowRadius>
		</glowProps>
		<overlayProps>
			<overlay>SR_PowerUpOverlay</overlay> <!-- This is where you change the effect of the Ki aura, new overlay with custom color can be added in Animation def, subjectible to The Saiyans Rework which may change this -->
			<scale>1</scale>
			<duration>900</duration>
		</overlayProps>
		<regenRate>0.08</regenRate>
		<isLearnable>false</isLearnable>
		<soundOnCast>SR_SuperSaiyan</soundOnCast> <!-- you can keep it like this, or change it to fart sound, need to add new sound def if you has a custom transformation sound -->
		<energyCost>35</energyCost>
		<cooldownTicks>1</cooldownTicks>
		<iconTexPath>UI/Buttons/Mystic</iconTexPath> <!-- Texture path to your skill icons -->
	</SaiyanMod.AbilityTierKIDef>
</Defs>