<?xml version="1.0" encoding="utf-8"?>
<Defs>

	<TaranMagicFramework.AbilityTreeDef>
		<defName>SR_RegularSaiyanAbilityTree</defName>
		<backgroundTexPath>UI/Backgrounds/SuperSaiyan</backgroundTexPath>
	</TaranMagicFramework.AbilityTreeDef>

	<TaranMagicFramework.AbilityDef Name="SR_RegularSaiyanAbilityTree" ParentName="SR_SaiyanAbilityBase" Abstract="True">
		<abilityTrees>
			<li>SR_RegularSaiyanAbilityTree</li>
		</abilityTrees>
	</TaranMagicFramework.AbilityDef>

	<TaranMagicFramework.AbilityDef Name="SR_RegularSaiyanLightPassives" ParentName="SR_RegularSaiyanAbilityTree" Abstract="True">
		<abilityRank>SR_LightPassiveRank</abilityRank>
		<abilityClass>SaiyanMod.KIAbilityPassive</abilityClass>
		<showMastered>false</showMastered>
	</TaranMagicFramework.AbilityDef>

	<TaranMagicFramework.AbilityDef Name="SR_BasicKISkill" ParentName="SR_RegularSaiyanAbilityTree" Abstract="True">
		<abilityRank>SR_BasicRank</abilityRank>
		<abilityTrees>
			<li>SR_HumanAbilityTree</li>
		</abilityTrees>
	</TaranMagicFramework.AbilityDef>

	<TaranMagicFramework.AbilityDef Name="SR_PassiveKISkill" ParentName="SR_RegularSaiyanAbilityTree" Abstract="True">
		<abilityRank>SR_PassiveRank</abilityRank>
		<abilityTrees>
			<li>SR_RegularSaiyanAbilityTree</li>
		</abilityTrees>
	</TaranMagicFramework.AbilityDef>

	<TaranMagicFramework.AbilityDef Name="SR_AdvancedKISkill" ParentName="SR_RegularSaiyanAbilityTree" Abstract="True">
		<abilityRank>SR_AdvancedRank</abilityRank>
	</TaranMagicFramework.AbilityDef>

	<TaranMagicFramework.AbilityDef Name="SR_SuperSaiyanKISkill" ParentName="SR_RegularSaiyanAbilityTree" Abstract="True">
		<abilityRank>SR_SuperSaiyan</abilityRank>
	</TaranMagicFramework.AbilityDef>
	
	<TaranMagicFramework.AbilityDef Name="SR_SuperSaiyan2KISkill" ParentName="SR_RegularSaiyanAbilityTree" Abstract="True">
		<abilityRank>SR_SuperSaiyan2</abilityRank>
	</TaranMagicFramework.AbilityDef>
	
	<TaranMagicFramework.AbilityDef ParentName="SR_SuperSaiyan2KISkill"> <!-- Change the ParentName -->
		<defName>SR_SuperSaiyan2</defName> <!-- Use newly named defName, defName cannot be share by 2 def -->
		<label>Super Saiyan 2</label> <!-- The in game name that will be shown when your cursor hover on the skill icon -->
		<uiSkillIcon>UI/Buttons/SuperSaiyan</uiSkillIcon> <!-- Texture path to your skill icons -->
		<abilityClass>SaiyanMod.KIAbility_SuperSaiyan2</abilityClass> <!-- This point to the C# class code for the ability you write, have to use namespace SaiyanMod for some reason -->
		<unlockedWhenMastered>
			<li>SR_SuperSaiyan</li>
			<li>SR_SaiyanFury</li>
		</unlockedWhenMastered>
		<abilityTrees>
			<li>SR_HalfSaiyanAbilityTree</li>
		</abilityTrees>
		<abilityTiers>
			<li Class="SaiyanMod.AbilityTierKIDef">SR_SuperSaiyan2_Tier1</li> <!-- should contain all the skill tier listed below this def. -->
		</abilityTiers>
	</TaranMagicFramework.AbilityDef>
	
	<SaiyanMod.AbilityTierKIDef>
		<defName>SR_SuperSaiyan2_Tier1</defName> <!-- Use newly named defName, defName cannot be share by 2 def -->
		<label>Super Saiyan 2</label> <!-- The ingame name that will be shown when your cursor hover on the skill icon, any string is fine -->
		<description>Pawn gains an absurd power boost as they tap into something beyond Super Saiyan.</description>
		<glowProps>
			<glowColor>224, 216, 60</glowColor>
			<glowRadius>4</glowRadius>
		</glowProps>
		<overlayProps>
			<overlay>SR_SuperSaiyan2Overlay</overlay> <!-- This is where you change the effect of the Ki aura, new overlay with custom color can be added in Animation def, subjectible to The Saiyans Rework which may change this -->
			<scale>1</scale>
			<duration>900</duration>
		</overlayProps>
		<abilitiesToUnlock>
			<li>SR_SSJControl</li>
		</abilitiesToUnlock>
		<regenRate>0.08</regenRate>
		<isLearnable>false</isLearnable>
		<soundOnCast>SR_SuperSaiyan</soundOnCast> <!-- you can keep it like this, or change it to fart sound, need to add new sound def if you has a custom transformation sound -->
		<energyCost>35</energyCost>
		<cooldownTicks>1</cooldownTicks>
		<iconTexPath>UI/Buttons/SuperSaiyan</iconTexPath> <!-- Texture path to your skill icons -->
	</SaiyanMod.AbilityTierKIDef>
	
	<TaranMagicFramework.AbilityDef ParentName="SR_SuperSaiyan2KISkill">
		<defName>SR_SSJControl</defName>
		<label>Super Saiyan Control</label>
		<description>Your body is hardened from your control of Super Saiyan as to where you feel as if you're made of Steel</description>
		<abilityClass>SaiyanMod.KIAbilityPassiveHediff</abilityClass>
		<abilityTiers>
			<li Class="SaiyanMod.AbilityTierKIDef">SR_SSJControl_Tier1</li>
			<li Class="SaiyanMod.AbilityTierKIDef">SR_SSJControl_Tier2</li>
			<li Class="SaiyanMod.AbilityTierKIDef">SR_SSJControl_Tier3</li>
		</abilityTiers>
		<abilityTrees>
			<li>SR_HalfSaiyanAbilityTree</li>
		</abilityTrees>
	</TaranMagicFramework.AbilityDef>
	<SaiyanMod.AbilityTierKIDef>
		<defName>SR_SSJControl_Tier1</defName>
		<label>Super Saiyan Control I</label>
        <hediffProps><hediff>SR_SSJControlI</hediff></hediffProps>
		<acquireRequirement>
			<skillPointsToUnlock>25</skillPointsToUnlock>
		</acquireRequirement>
	</SaiyanMod.AbilityTierKIDef>
	<SaiyanMod.AbilityTierKIDef>
		<defName>SR_SSJControl_Tier2</defName>
		<label>Super Saiyan Control II</label>
		<acquireRequirement>
			<skillPointsToUnlock>10</skillPointsToUnlock>
		</acquireRequirement>
		<hediffProps><hediff>SR_SSJControlII</hediff></hediffProps>
	</SaiyanMod.AbilityTierKIDef>
	<SaiyanMod.AbilityTierKIDef>
		<defName>SR_SSJControl_Tier3</defName>
		<label>Super Saiyan Control III</label>
		<acquireRequirement>
			<skillPointsToUnlock>10</skillPointsToUnlock>
		</acquireRequirement>
		<hediffProps><hediff>SR_SSJControlIII</hediff></hediffProps>
	</SaiyanMod.AbilityTierKIDef>
	
	<TaranMagicFramework.AbilityDef ParentName="SR_SuperSaiyan2KISkill"> <!-- Change the ParentName -->
		<defName>SR_SuperSaiyan3</defName> <!-- Use newly named defName, defName cannot be share by 2 def -->
		<label>Super Saiyan 3</label> <!-- The in game name that will be shown when your cursor hover on the skill icon -->
		<uiSkillIcon>UI/Buttons/SuperSaiyan</uiSkillIcon> <!-- Texture path to your skill icons -->
		<abilityClass>SaiyanMod.KIAbility_SuperSaiyan3</abilityClass> <!-- This point to the C# class code for the ability you write, have to use namespace SaiyanMod for some reason -->
		<unlockedWhenMastered>
			<li>SR_SSJControl</li>
		</unlockedWhenMastered>
		<abilityTiers>
			<li Class="SaiyanMod.AbilityTierKIDef">SR_SuperSaiyan3_Tier1</li> <!-- should contain all the skill tier listed below this def. -->
		</abilityTiers>
	</TaranMagicFramework.AbilityDef>
	
	<SaiyanMod.AbilityTierKIDef>
		<defName>SR_SuperSaiyan3_Tier1</defName> <!-- Use newly named defName, defName cannot be share by 2 def -->
		<label>Super Saiyan 3</label> <!-- The ingame name that will be shown when your cursor hover on the skill icon, any string is fine -->
		<description>Pawn gains an absurd power boost as they tap into something beyond Super Saiyan.</description>
		<glowProps>
			<glowColor>224, 216, 60</glowColor>
			<glowRadius>4</glowRadius>
		</glowProps>
		<overlayProps>
			<overlay>SR_SuperSaiyan2Overlay</overlay> <!-- This is where you change the effect of the Ki aura, new overlay with custom color can be added in Animation def, subjectible to The Saiyans Rework which may change this -->
			<scale>1.1</scale>
			<duration>900</duration>
		</overlayProps>
		<regenRate>0.02</regenRate>
		<isLearnable>false</isLearnable>
		<soundOnCast>SR_SuperSaiyan</soundOnCast> <!-- you can keep it like this, or change it to fart sound, need to add new sound def if you has a custom transformation sound -->
		<energyCost>50</energyCost>
		<cooldownTicks>1</cooldownTicks>
		<iconTexPath>UI/Buttons/SuperSaiyan</iconTexPath> <!-- Texture path to your skill icons -->
	</SaiyanMod.AbilityTierKIDef>
	
	<TaranMagicFramework.AbilityDef ParentName="SR_AdvancedKISkill">
		<defName>SR_Kamehameha</defName>
		<label>Kamehameha</label>
		<uiSkillIcon>UI/Icons/KIBeam</uiSkillIcon>
		<abilityTrees>
			<li>SR_HalfSaiyanAbilityTree</li>
		</abilityTrees>
		<hidden>true</hidden>
		<hiddenUntilUnlocked>true</hiddenUntilUnlocked>
		<abilityTiers>
			<li Class="SaiyanMod.AbilityTier_Kamehameha">SR_Kamehameha_Tier1</li>
			<li Class="SaiyanMod.AbilityTier_Kamehameha">SR_Kamehameha_Tier2</li>
			<li Class="SaiyanMod.AbilityTier_Kamehameha">SR_Kamehameha_Tier3</li>
		</abilityTiers>
	</TaranMagicFramework.AbilityDef>
	<SaiyanMod.AbilityTier_Kamehameha>
		<defName>SR_Kamehameha_Tier1</defName>
		<label>Kamehameha</label>
		<description>Fire a beam that causes heavy damage.</description>
		<nextTierDescription>Beam does increased damage.</nextTierDescription>
		<acquireRequirement>
			<skillPointsToUnlock>7</skillPointsToUnlock>
		</acquireRequirement>
		<soundOnCast>SR_KiBeam</soundOnCast>
		<energyCost>80</energyCost>
		<cooldownTicks>7200</cooldownTicks>
		<effectRadius>20</effectRadius>
		<iconTexPath>UI/Buttons/KIBeam</iconTexPath>
	</SaiyanMod.AbilityTier_Kamehameha>
	<SaiyanMod.AbilityTier_Kamehameha>
		<defName>SR_Kamehameha_Tier2</defName>
		<label>Kamehameha</label>
		<description>Fire a beam that causes heavy damage.</description>
		<nextTierDescription>Beam does increased damage.</nextTierDescription>
		<acquireRequirement>
			<skillPointsToUnlock>7</skillPointsToUnlock>
		</acquireRequirement>
		<soundOnCast>SR_KiBeam</soundOnCast>
		<energyCost>75</energyCost>
		<cooldownTicks>5000</cooldownTicks>
		<effectRadius>30</effectRadius>
		<iconTexPath>UI/Buttons/KIBeam</iconTexPath>
	</SaiyanMod.AbilityTier_Kamehameha>
	<SaiyanMod.AbilityTier_Kamehameha>
		<defName>SR_Kamehameha_Tier3</defName>
		<label>Kamehameha</label>
		<description>Fire a beam that causes heavy damage.</description>
		<acquireRequirement>
			<skillPointsToUnlock>7</skillPointsToUnlock>
		</acquireRequirement>
		<soundOnCast>SR_KiBeam</soundOnCast>
		<energyCost>70</energyCost>
		<cooldownTicks>2500</cooldownTicks>
		<effectRadius>40</effectRadius>
		<iconTexPath>UI/Buttons/KIBeam</iconTexPath>
		</SaiyanMod.AbilityTier_Kamehameha>
		
		<TaranMagicFramework.AbilityDef ParentName="SR_AdvancedKISkill">
		<defName>SR_BigBangAttack</defName>
		<label>Big Bang Attack</label>
		<uiSkillIcon>UI/Icons/KIBlast</uiSkillIcon>
		<abilityClass>SaiyanMod.KIAbility_KIBlast</abilityClass>
		<abilityTiers>
			<li Class="SaiyanMod.AbilityTierKIDef">SR_BigBangAttack_Tier1</li>
		</abilityTiers>
	</TaranMagicFramework.AbilityDef>
	<SaiyanMod.AbilityTierKIDef>
		<defName>SR_BigBangAttack_Tier1</defName>
		<label>Big Bang Attack</label>
		<description>BAZINGATTACK</description>
		<acquireRequirement>
			<skillPointsToUnlock>8</skillPointsToUnlock>
		</acquireRequirement>
		<energyCost>45</energyCost>
		<cooldownTicks>1800</cooldownTicks>
		<verbProperties>
			<li Class="TaranMagicFramework.VerbPropertiesAbility">
				<label>Big Bang Attack</label>
				<verbClass>TaranMagicFramework.Verb_ShootAbility</verbClass>
				<hasStandardCommand>true</hasStandardCommand>
				<defaultProjectile>SR_BigBangAttack</defaultProjectile>
				<warmupTime>0.45</warmupTime>
				<range>32.9</range>
				<soundCast>SR_KiBlast</soundCast>
				<soundCastTail>GunTail_Light</soundCastTail>
				<muzzleFlashScale>9</muzzleFlashScale>
				<ai_IsWeapon>false</ai_IsWeapon>
				<commandIcon>UI/Buttons/KiBlast</commandIcon>
				<autocast>true</autocast>
				<autocastChance>1</autocastChance>
			</li>
		</verbProperties>
		<iconTexPath>UI/Buttons/KiBlast</iconTexPath>
	</SaiyanMod.AbilityTierKIDef>
		
		<TaranMagicFramework.AbilityDef ParentName="SR_AdvancedKISkill">
		<defName>SR_Kamehamehax10</defName>
		<label>Kamehameha x10</label>
		<uiSkillIcon>UI/Icons/KIBeam</uiSkillIcon>
		 <hiddenUntilUnlocked>true</hiddenUntilUnlocked>
		<unlockedWhenMastered>
		    <li>SR_Kamehameha</li>
		</unlockedWhenMastered>
		<abilityTrees>
			<li>SR_HalfSaiyanAbilityTree</li>
			<li>SR_HumanAbilityTree</li>
		</abilityTrees>
		<abilityTiers>
			<li Class="SaiyanMod.AbilityTier_Kamehamehax10">SR_Kamehamehax10_Tier1</li>
		</abilityTiers>
	</TaranMagicFramework.AbilityDef>
	<SaiyanMod.AbilityTier_Kamehamehax10>
		<defName>SR_Kamehamehax10_Tier1</defName>
		<label>Kamehameha X10</label>
		<description>This is a nuke.</description>
		<soundOnCast>SR_KiBeam</soundOnCast>
		<energyCost>100</energyCost>
		<cooldownTicks>180000</cooldownTicks>
		<effectRadius>45</effectRadius>
		<iconTexPath>UI/Buttons/KIBeam</iconTexPath>
	</SaiyanMod.AbilityTier_Kamehamehax10>
		
		<TaranMagicFramework.AbilityDef ParentName="SR_AdvancedKISkill">
		<defName>SR_GalickGun</defName>
		<label>Galick Gun</label>
		<uiSkillIcon>UI/Buttons/GalickGun</uiSkillIcon>
		<abilityTiers>
			<li Class="SaiyanMod.AbilityTier_Galick">SR_GalickGun_Tier1</li>
			<li Class="SaiyanMod.AbilityTier_Galick">SR_GalickGun_Tier2</li>
			<li Class="SaiyanMod.AbilityTier_Galick">SR_GalickGun_Tier3</li>
		</abilityTiers>
	</TaranMagicFramework.AbilityDef>
	<SaiyanMod.AbilityTier_Galick>
		<defName>SR_GalickGun_Tier1</defName>
		<label>Galick Gun</label>
		<description>Fire a beam that causes heavy damage.</description>
		<nextTierDescription>Beam does increased damage.</nextTierDescription>
		<acquireRequirement>
			<skillPointsToUnlock>7</skillPointsToUnlock>
		</acquireRequirement>
		<soundOnCast>SR_KiBeam</soundOnCast>
		<energyCost>80</energyCost>
		<cooldownTicks>7200</cooldownTicks>
		<effectRadius>20</effectRadius>
		<iconTexPath>UI/Buttons/GalickGun</iconTexPath>
	</SaiyanMod.AbilityTier_Galick>
	<SaiyanMod.AbilityTier_Galick>
		<defName>SR_GalickGun_Tier2</defName>
		<label>Galick Gun</label>
		<description>Fire a beam that causes heavy damage.</description>
		<nextTierDescription>Beam does increased damage.</nextTierDescription>
		<acquireRequirement>
			<skillPointsToUnlock>7</skillPointsToUnlock>
		</acquireRequirement>
		<soundOnCast>SR_KiBeam</soundOnCast>
		<energyCost>75</energyCost>
		<cooldownTicks>5000</cooldownTicks>
		<effectRadius>30</effectRadius>
		<iconTexPath>UI/Buttons/GalickGun</iconTexPath>
	</SaiyanMod.AbilityTier_Galick>
	<SaiyanMod.AbilityTier_Galick>
		<defName>SR_GalickGun_Tier3</defName>
		<label>Galick Gun</label>
		<description>Fire a beam that causes heavy damage.</description>
		<acquireRequirement>
			<skillPointsToUnlock>7</skillPointsToUnlock>
		</acquireRequirement>
		<soundOnCast>SR_KiBeam</soundOnCast>
		<energyCost>70</energyCost>
		<cooldownTicks>2500</cooldownTicks>
		<effectRadius>40</effectRadius>
		<iconTexPath>UI/Buttons/GalickGun</iconTexPath>
	</SaiyanMod.AbilityTier_Galick>
	
	<TaranMagicFramework.AbilityDef ParentName="SR_AdvancedKISkill">
		<defName>SR_PotentialUnlock</defName>
		<label>Potential Unlock</label>
		<uiSkillIcon>UI/Icons/MajinMark</uiSkillIcon>
		<abilityClass>SaiyanMod.KIAbility_PotentialUnlock</abilityClass>
		<abilityTrees>
			<li>SR_HalfSaiyanAbilityTree</li>
			<li>SR_LegendarySaiyanAbilityTree</li>
			<li>SR_HumanAbilityTree</li>
		</abilityTrees>
		<hidden>true</hidden>
		<abilityTiers>
			<li Class="SaiyanMod.AbilityTierKIDef">SR_PotentialUnlock_Tier1</li>
		</abilityTiers>
	</TaranMagicFramework.AbilityDef>
	<SaiyanMod.AbilityTierKIDef>
		<defName>SR_PotentialUnlock_Tier1</defName>
		<label>Potential Unlock</label>
		<description>placeholder.</description>
		<isLearnable>false</isLearnable>
		<iconTexPath>UI/Icons/MajinMark</iconTexPath>
	</SaiyanMod.AbilityTierKIDef>
</Defs>