<?xml version="1.0" encoding="utf-8"?>
<ModMetaData>
  <name>The Saiyans (Ascended Super Saiyans)</name>
  <author>Delfinner22</author>
  <supportedVersions>
    <li>1.5</li>
  </supportedVersions>
	<packageId>Delfinner22.SSJ2Revamp</packageId>
  <description>Super Saiyan 2 and Super Saiyan 3 for Full Saiyans and Super Saiyan 2 and Mystic Half-Saiyans along with a new passive and multiple new ki skills (it is reccomended to increase the level cap to 200 in the AbilityClassDef folder to fully experience everything, also uploaded by my friend and coded by mwah)</description>
	<loadAfter>
		<li>brrainz.harmony</li>
		<li>syrchalis.processor.framework</li>
		<li>erdelf.HumanoidAlienRaces</li>
		<li>Ludeon.RimWorld.Biotech</li>
		<li>LifeisGame.SaiyanRace</li>
	</loadAfter>
	<modDependencies>
	  <li>
		<packageId>brrainz.harmony</packageId>
		<displayName>Harmony</displayName>
		<steamWorkshopUrl>steam://url/CommunityFilePage/2009463077</steamWorkshopUrl>
		<downloadUrl>https://github.com/pardeike/HarmonyRimWorld/releases/latest</downloadUrl>
	  </li>
    <li>
      <packageId>erdelf.HumanoidAlienRaces</packageId>
      <displayName>Humanoid Alien Races 2.0</displayName>
      <steamWorkshopUrl>steam://url/CommunityFilePage/839005762</steamWorkshopUrl>
    </li>
	  <li>
		<packageId>syrchalis.processor.framework</packageId>
		<displayName>[SYR] Processor Framework</displayName>
		<steamWorkshopUrl>https://steamcommunity.com/sharedfiles/filedetails/?id=3210544395</steamWorkshopUrl>
	  </li>
	  <li>
		<packageId>LifeisGame.SaiyanRace</packageId>
		<displayName>The Saiyans</displayName>
		<steamWorkshopUrl>https://steamcommunity.com/sharedfiles/filedetails/?id=2768874080</steamWorkshopUrl>
	  </li>
		<li>
		    <packageId>Ludeon.RimWorld.Biotech</packageId>
		    <displayName>Biotech</displayName>
	    </li>
	</modDependencies>
</ModMetaData>
