<?xml version="1.0" encoding="utf-8"?>
<Defs>

	<HediffDef>
		<defName>SR_SuperSaiyan2Hediff</defName>
		<label>Super Saiyan 2</label>
		<description>A transformation into an ascended Super Saiyan.</description>
		<isBad>false</isBad>
		<stages>
			<li>
				<hungerRateFactor>1.1</hungerRateFactor>
				<restFallFactor>1.1</restFallFactor>
				<capMods>
					<li>
						<capacity>Manipulation</capacity>
						<offset>0.65</offset>
					</li>
					<li>
						<capacity>Consciousness</capacity>
						<offset>0.45</offset>
					</li>
					<li>
						<capacity>Moving</capacity>
						<offset>3.5</offset>
					</li>
				</capMods>
				<statFactors>
					<IncomingDamageFactor>0.32</IncomingDamageFactor>
					<MeleeDamageFactor>1.35</MeleeDamageFactor>
				</statFactors>
				<statOffsets>
					<StaggerDurationFactor>0.15</StaggerDurationFactor>
					<PainShockThreshold>0.1</PainShockThreshold>
					<MeleeDodgeChance>0.35</MeleeDodgeChance>
					<MeleeHitChance>35</MeleeHitChance>
					<SR_KIDamageMultiplier>1.7</SR_KIDamageMultiplier>
					<ArmorRating_Sharp>0.25</ArmorRating_Sharp>
					<ArmorRating_Blunt>0.25</ArmorRating_Blunt>
					<ArmorRating_Heat>0.25</ArmorRating_Heat>
				</statOffsets>
			</li>
		</stages>
	</HediffDef>
	
	<HediffDef>
		<defName>SR_KiSicknessHediff</defName>
		<label>Ki Sickness</label>
		<description>You've Strained Yourself Too Much.</description>
		<isBad>true</isBad>
		<hediffClass>HediffWithComps</hediffClass>
		<comps>
         <li Class="HediffCompProperties_Disappears">
         </li>
        </comps>
        <initialSeverity>1.0</initialSeverity>
		<stages>
			<li>
				<hungerRateFactor>1.25</hungerRateFactor>
				<restFallFactor>1.5</restFallFactor>
				<capMods>
					<li>
						<capacity>Manipulation</capacity>
						<offset>-0.4</offset>
					</li>
					<li>
						<capacity>Consciousness</capacity>
						<offset>-0.4</offset>
					</li>
					<li>
						<capacity>Moving</capacity>
						<offset>-0.4</offset>
					</li>
				</capMods>
			</li>
		</stages>
	</HediffDef>
	
	<HediffDef>
		<defName>SR_SuperSaiyan3Hediff</defName>
		<label>Super Saiyan 3</label>
		<description>A transformation into an ascended Super Saiyan.</description>
		<isBad>false</isBad>
		<stages>
			<li>
				<hungerRateFactor>1.65</hungerRateFactor>
				<restFallFactor>1.65</restFallFactor>
				<capMods>
					<li>
						<capacity>Manipulation</capacity>
						<offset>0.8</offset>
					</li>
					<li>
						<capacity>Consciousness</capacity>
						<offset>0.6</offset>
					</li>
					<li>
						<capacity>Moving</capacity>
						<offset>4.2</offset>
					</li>
				</capMods>
				<statFactors>
					<IncomingDamageFactor>0.2</IncomingDamageFactor>
					<MeleeDamageFactor>1.85</MeleeDamageFactor>
				</statFactors>
				<statOffsets>
					<StaggerDurationFactor>0.3</StaggerDurationFactor>
					<PainShockThreshold>0.03</PainShockThreshold>
					<MeleeDodgeChance>0.4</MeleeDodgeChance>
					<MeleeHitChance>45</MeleeHitChance>
					<SR_KIDamageMultiplier>2.25</SR_KIDamageMultiplier>
					<ArmorRating_Sharp>0.45</ArmorRating_Sharp>
					<ArmorRating_Blunt>0.45</ArmorRating_Blunt>
					<ArmorRating_Heat>0.45</ArmorRating_Heat>
				</statOffsets>
			</li>
		</stages>
	</HediffDef>
	
	<HediffDef>
		<defName>SR_MysticHediff</defName>
		<label>Mystic</label>
		<description>The Ultimate Form Of Your Potential.</description>
		<isBad>false</isBad>
		<stages>
			<li>
				<hungerRateFactor>1.45</hungerRateFactor>
				<restFallFactor>1.45</restFallFactor>
				<capMods>
					<li>
						<capacity>Manipulation</capacity>
						<offset>0.95</offset>
					</li>
					<li>
						<capacity>Consciousness</capacity>
						<offset>0.75</offset>
					</li>
					<li>
						<capacity>Moving</capacity>
						<offset>4.65</offset>
					</li>
				</capMods>
				<statFactors>
					<IncomingDamageFactor>0.15</IncomingDamageFactor>
					<MeleeDamageFactor>2.25</MeleeDamageFactor>
				</statFactors>
				<statOffsets>
					<StaggerDurationFactor>0.45</StaggerDurationFactor>
					<PainShockThreshold>0.03</PainShockThreshold>
					<MeleeDodgeChance>0.75</MeleeDodgeChance>
					<MeleeHitChance>70</MeleeHitChance>
					<SR_KIDamageMultiplier>2.65</SR_KIDamageMultiplier>
					<ArmorRating_Sharp>0.6</ArmorRating_Sharp>
					<ArmorRating_Blunt>0.6</ArmorRating_Blunt>
					<ArmorRating_Heat>0.6</ArmorRating_Heat>
				</statOffsets>
			</li>
		</stages>
	</HediffDef>
	
	<HediffDef Abstract="True" Name="SR_SSJBase">
		<hediffClass>HediffWithComps</hediffClass>
		<description>Your Body Is Battle Hardened.</description>
		<tendable>false</tendable>
	</HediffDef>
	
	<HediffDef ParentName="SR_SSJBase">
		<defName>SR_SSJControlI</defName>
		<label>Super Saiyan Control I</label>
		<stages>
			<li>
			    <painFactor>0.95</painFactor>
			</li>
		</stages>
	</HediffDef>
	
	<HediffDef ParentName="SR_SSJBase">
		<defName>SR_SSJControlII</defName>
		<label>Super Saiyan Control II</label>
		<stages>
			<li>
                <painFactor>0.9</painFactor>
			</li>
		</stages>
	</HediffDef>

	<HediffDef ParentName="SR_SSJBase">
		<defName>SR_SSJControlIII</defName>
		<label>Super Saiyan Control III</label>
		<stages>
			<li>
				<painFactor>0.85</painFactor>
			</li>
		</stages>
	</HediffDef>
	
	<HediffDef>
		<defName>SR_PotentialUnlockCaster</defName>
		<label>Potential Unlock (caster)</label>
		<description>Currently unlocking sombody's potential, you feel your own power draining.</description>
		<hediffClass>SaiyanMod.Hediff_PotentialUnlockCaster</hediffClass>
		<stages>
			<li>
				<statOffsets>
					<SR_MaxKIEnergy>-70</SR_MaxKIEnergy>
				</statOffsets>
			</li>
		</stages>
	</HediffDef>

	<HediffDef>
		<defName>SR_PotentialUnlockTarget</defName>
		<label>Potential Unlock (target)</label>
		<description>Currently having your potential unleashed, you can feel your ki rising.</description>
		<hediffClass>SaiyanMod.Hediff_PotentialUnlockTarget</hediffClass>
		<stages>
			<li>
				<capMods>
					<li>
						<capacity>Manipulation</capacity>
						<offset>0.25</offset>
					</li>
				</capMods>
				<statOffsets>
					<SR_MaxKIEnergy>35</SR_MaxKIEnergy>
					<SR_KIDamageMultiplier>0.25</SR_KIDamageMultiplier>
					<SR_KIDamageResistance>0.2</SR_KIDamageResistance>
					<MentalBreakThreshold>0.35</MentalBreakThreshold>
				</statOffsets>
				<statFactors>
					<MoveSpeed>1.35</MoveSpeed>
				</statFactors>
			</li>
		</stages>
	</HediffDef>
	
	<HediffDef>
		<defName>SR_BoostedRAKiFlow</defName>
		<label>Boosted Ki Flow (Right Arm)</label>
		<description>Even Though Your Limb Is Gone This Enhancement Has Boosted Your Ki Control Tenfold!</description>
		<stages>
			<li>
				<capMods>
					<li>
						<capacity>Manipulation</capacity>
						<offset>0.1</offset>
					</li>
				</capMods>
				<statOffsets>
					<SR_MaxKIEnergy>25</SR_MaxKIEnergy>
					<SR_KIDamageMultiplier>0.2</SR_KIDamageMultiplier>
					<SR_KIDamageResistance>0.2</SR_KIDamageResistance>
				</statOffsets>
			</li>
		</stages>
	</HediffDef>
	
	<HediffDef>
		<defName>SR_BoostedLAKiFlow</defName>
		<label>Boosted Ki Flow (Left Arm)</label>
		<description>Even Though Your Limb Is Gone This Enhancement Has Boosted Your Ki Control Tenfold!</description>
		<stages>
			<li>
				<capMods>
					<li>
						<capacity>Manipulation</capacity>
						<offset>0.1</offset>
					</li>
				</capMods>
				<statOffsets>
					<SR_MaxKIEnergy>25</SR_MaxKIEnergy>
					<SR_KIDamageMultiplier>0.2</SR_KIDamageMultiplier>
					<SR_KIDamageResistance>0.2</SR_KIDamageResistance>
				</statOffsets>
			</li>
		</stages>
	</HediffDef>
	
	
<HediffDef>
  <defName>CapsuleTechArm_Hediff</defName>
  <label>Capsule-Tech Arm</label>
  <description>A Capsule Corp. cybernetic arm that enhances manipulation abilities and provides a slight strength boost.</description>
  <hediffClass>Hediff_AddedPart</hediffClass>
  <isBad>false</isBad>
    <addedPartProps>
        <partEfficiency>1.5</partEfficiency>
    </addedPartProps>
</HediffDef>
</Defs>