<?xml version="1.0" encoding="utf-8" ?>
<Defs>

<ThingDef ParentName="BodyPartBase">
    <defName>CapsuleTechArm</defName>
    <label>Capsule-Tech Arm</label>
    <description>An advanced Capsule Corp. cybernetic arm that enhances manipulation abilities and provides a slight strength boost.</description>
	<thingCategories>
    <li>BodyParts</li> <!-- or an existing category like BodyParts -->
    </thingCategories>
    <graphicData>
        <texPath>Things/Item/Equipment/KISwordBlue</texPath>
        <graphicClass>Graphic_Single</graphicClass>
    </graphicData>
    <thingClass>ThingWithComps</thingClass>
    <statBases>
        <MarketValue>1000</MarketValue>
        <Mass>2.0</Mass>
    </statBases>
    <comps>
        <li Class="CompProperties_Forbiddable"/>
    </comps>
    <tradeability>Sellable</tradeability>
    <altitudeLayer>Item</altitudeLayer>
    <alwaysHaulable>true</alwaysHaulable>
</ThingDef>


	
</Defs>