<?xml version="1.0" encoding="utf-8"?>
<Defs>

	<ThingDef Name="SR_KISwordBase" ParentName="BaseMeleeWeapon_Sharp_Quality">
		<defName>SR_KISwordBlue</defName>
		<label>KI Sword</label>
		<description>Blade made out of pure Ki able to easily slice through most armor.</description>
		<smeltable>false</smeltable>
		<graphicData>
			<texPath>Things/Item/Equipment/KISwordBlue</texPath>
			<graphicClass>Graphic_Single</graphicClass>
		</graphicData>
		<uiIconScale>1.2</uiIconScale>
		<techLevel>Medieval</techLevel>
		<statBases>
			<Mass>0.85</Mass>
			<AccuracyTouch>1</AccuracyTouch>
			<AccuracyShort>0.88</AccuracyShort>
			<AccuracyMedium>0.47</AccuracyMedium>
			<AccuracyLong>0.2</AccuracyLong>
			<RangedWeapon_Cooldown>1.4</RangedWeapon_Cooldown>
		</statBases>
		<!--
		<verbs>
			<li>
				<verbClass>Verb_Shoot</verbClass>
				<hasStandardCommand>true</hasStandardCommand>
				<defaultProjectile>SR_KISwordBlueFlying</defaultProjectile>
				<warmupTime>1.4</warmupTime>
				<range>18.9</range>
			</li>
		</verbs>-->
		<equippedAngleOffset>-65</equippedAngleOffset>
		<tools>
			<li>
				<label>point</label>
				<capacities>
					<li>Stab</li>
				</capacities>
				<power>14</power>
				<armorPenetration>0.8</armorPenetration>
				<cooldownTime>1.5</cooldownTime>
			</li>
			<li>
				<label>edge</label>
				<capacities>
					<li>Cut</li>
				</capacities>
				<power>14</power>
				<armorPenetration>0.8</armorPenetration>
				<cooldownTime>1.5</cooldownTime>
			</li>
		</tools>
		<recipeMaker IsNull="True"/>
		<weaponTags IsNull="True"/>
		<tradeTags IsNull="True"/>
	</ThingDef>

	<ThingDef ParentName="BaseProjectileNeolithic">
		<defName>SR_KISwordBlueFlying</defName>
		<label>KI Sword</label>
		<graphicData>
			<texPath>Things/Projectile/KI_Slash</texPath>
			<graphicClass>Graphic_Single</graphicClass>
		</graphicData>
		<projectile>
			<flyOverhead>false</flyOverhead>
			<damageDef>RangedStab</damageDef>
			<damageAmountBase>12</damageAmountBase>
			<speed>16</speed>
			<armorPenetrationBase>0.60</armorPenetrationBase>
		</projectile>
	</ThingDef>

	<ThingDef ParentName="SR_KISwordBase">
		<defName>SR_KISwordYellow</defName>
		<graphicData>
			<texPath>Things/Item/Equipment/KISwordYellow</texPath>
		</graphicData>
	</ThingDef>
</Defs>