<?xml version="1.0" encoding="utf-8" ?>
<Defs>

	<ThingDef ParentName="BaseBullet" Name="SR_KIBeamBase">
		<defName>SR_KamehamehaProjectile</defName>
		<label>Kamehameha</label>
		<thingClass>SaiyanMod.Kamehameha_Projectile</thingClass>
		<drawOffscreen>true</drawOffscreen>
		<graphicData>
			<texPath>Animations/KamehamehaProjectile</texPath>
			<graphicClass>TaranMagicFramework.Graphic_Animation</graphicClass>
			<drawSize>1.1</drawSize>
		</graphicData>
		<projectile>
			<damageDef>Bomb</damageDef>
			<damageAmountBase>50</damageAmountBase>
			<armorPenetrationBase>0.8</armorPenetrationBase>
			<speed>70</speed>
			<explosionRadius>6</explosionRadius>
			<explosionDelay>180</explosionDelay>
		</projectile>
	</ThingDef>

	<ThingDef ParentName="SR_KIBeamBase">
		<defName>SR_KamehamehaProjectileTwo</defName>
		<label>Kamehameha</label>
		<graphicData>
			<drawSize>1.3</drawSize>
		</graphicData>
		<projectile>
			<damageAmountBase>70</damageAmountBase>
			<armorPenetrationBase>0.85</armorPenetrationBase>
			<speed>70</speed>
			<explosionRadius>9</explosionRadius>
			<explosionDelay>180</explosionDelay>
		</projectile>
	</ThingDef>
	

	<ThingDef ParentName="SR_KIBeamBase">
		<defName>SR_KamehamehaProjectileThree</defName>
		<label>KI Beam</label>
		<graphicData>
			<drawSize>1.6</drawSize>
		</graphicData>
		<projectile>
			<damageAmountBase>95</damageAmountBase>
			<speed>70</speed>
			<armorPenetrationBase>0.9</armorPenetrationBase>
			<explosionRadius>13</explosionRadius>
			<explosionDelay>180</explosionDelay>
		</projectile>
	</ThingDef>
	
	<ThingDef ParentName="BaseBullet" Name="SR_KIBeamx10Base">
		<defName>SR_Kamehamehax10Projectile</defName>
		<label>Kamehameha X10</label>
		<thingClass>SaiyanMod.Kamehamehax10_Projectile</thingClass>
		<drawOffscreen>true</drawOffscreen>
		<graphicData>
			<texPath>Animations/Kamehamehax10Projectile</texPath>
			<graphicClass>TaranMagicFramework.Graphic_Animation</graphicClass>
			<drawSize>1.1</drawSize>
		</graphicData>
		<projectile>
			<damageDef>Bomb</damageDef>
			<damageAmountBase>150</damageAmountBase>
			<armorPenetrationBase>1.2</armorPenetrationBase>
			<speed>60</speed>
			<explosionRadius>25</explosionRadius>
			<explosionDelay>180</explosionDelay>
		</projectile>
	</ThingDef>
	
	<ThingDef ParentName="BaseBullet" Name="SR_GalickBase">
		<defName>SR_GalickProjectile</defName>
		<label>Galick Gun</label>
		<thingClass>SaiyanMod.Galick_Projectile</thingClass>
		<drawOffscreen>true</drawOffscreen>
		<graphicData>
			<texPath>Animations/GalickProjectile</texPath>
			<graphicClass>TaranMagicFramework.Graphic_Animation</graphicClass>
			<drawSize>1.1</drawSize>
		</graphicData>
		<projectile>
			<damageDef>Bomb</damageDef>
			<damageAmountBase>100</damageAmountBase>
			<armorPenetrationBase>0.7</armorPenetrationBase>
			<speed>70</speed>
			<explosionRadius>5</explosionRadius>
			<explosionDelay>180</explosionDelay>
		</projectile>
	</ThingDef>

	<ThingDef ParentName="SR_GalickBase">
		<defName>SR_GalickProjectileTwo</defName>
		<label>Galick Gun</label>
		<graphicData>
			<drawSize>1.3</drawSize>
		</graphicData>
		<projectile>
			<damageAmountBase>170</damageAmountBase>
			<armorPenetrationBase>0.75</armorPenetrationBase>
			<speed>70</speed>
			<explosionRadius>7</explosionRadius>
			<explosionDelay>180</explosionDelay>
		</projectile>
	</ThingDef>
	

	<ThingDef ParentName="SR_GalickBase">
		<defName>SR_GalickProjectileThree</defName>
		<label>Galick Gun</label>
		<graphicData>
			<drawSize>1.6</drawSize>
		</graphicData>
		<projectile>
			<damageAmountBase>240</damageAmountBase>
			<speed>70</speed>
			<armorPenetrationBase>0.8</armorPenetrationBase>
			<explosionRadius>10</explosionRadius>
			<explosionDelay>180</explosionDelay>
		</projectile>
	</ThingDef>
	
	<ThingDef ParentName="BaseBullet">
		<defName>SR_BigBangAttack</defName>
		<label>Big Bang Attack</label>
		<graphicData>
			<texPath>Things/Projectile/BigBangAttack</texPath>
			<graphicClass>Graphic_Single</graphicClass>
		</graphicData>
		<projectile>
			<damageDef>Bomb</damageDef>
			<damageAmountBase>50</damageAmountBase>
			<speed>55</speed>
			<armorPenetrationBase>0.8</armorPenetrationBase>
		</projectile>
	</ThingDef>
</Defs>