<?xml version="1.0" encoding="utf-8" ?>
<Defs>

  <ThingDef ParentName="ResourceBase">
    <defName>SR_SaibamenSeed</defName>
    <label>Saibamen seed</label>
    <description>A green pill like seed when planted in the ground it rapidly expands and creates a saibamen almost instantly.</description>
    <statBases>
      <MaxHitPoints>50</MaxHitPoints>
      <Mass>0.3</Mass>
      <Beauty>0</Beauty>
      <MarketValue>70</MarketValue>
    </statBases>
    <graphicData>
      <texPath>Things/Item/SaibamenSeed</texPath>
      <graphicClass>Graphic_Single</graphicClass>
      <drawSize>(0.6, 0.6)</drawSize>
    </graphicData>
    <thingCategories>
      <li>Items</li>
    </thingCategories>
    <comps>
      <li Class="CompProperties_Plantable">
		<compClass>SaiyanMod.CompPawnPlantable</compClass>
        <plantDefToSpawn>SR_Saibamen</plantDefToSpawn>
      </li>
    </comps>
  </ThingDef>
	
</Defs>