<?xml version="1.0" encoding="utf-8"?>
<Defs>
	
	<ThingDef ParentName="SR_SkillBook">
		<defName>SR_SkillBook_PotentialUnlock</defName>
		<label>Skill book: Potential Unlock</label>
		<description>placeholder</description>
		<costList>
			<SR_SkillBookPages>20</SR_SkillBookPages>
		</costList>
		<graphicData>
			<texPath>SkillBooks/PotentialUnlockBook</texPath>
		</graphicData>
		<comps>
			<li Class="SaiyanMod.CompProperties_SkillBook">
				<abilityToLearn>SR_PotentialUnlock</abilityToLearn>
				<xpGain>1000</xpGain>
			</li>
		</comps>
	</ThingDef>
	
	<ThingDef ParentName="SR_SkillBook">
		<defName>SR_SkillBook_Kamehameha</defName>
		<label>Skill book: Kamehameha</label>
		<description>placeholder</description>
		<costList>
			<SR_SkillBookPages>45</SR_SkillBookPages>
		</costList>
		<graphicData>
			<texPath>SkillBooks/PotentialUnlockBook</texPath>
		</graphicData>
		<comps>
			<li Class="SaiyanMod.CompProperties_SkillBook">
				<abilityToLearn>SR_Kamehameha</abilityToLearn>
				<xpGain>2500</xpGain>
			</li>
		</comps>
	</ThingDef>
	
</Defs>
