<?xml version="1.0" encoding="utf-8"?>
<Defs>

<RecipeDef>
    <defName>InstallCyberneticArm</defName>
    <label>install Capsule-Tech Arm</label>
    <description>Installs a high-tech Capsule-Tech Arm to enhance manipulation and strength.</description>
    <workerClass>SaiyanMod.Recipe_InstallCapsuleTechArm</workerClass>
    <addsHediff>CapsuleTechArm_Hediff</addsHediff>
    <appliedOnFixedBodyParts>
        <li>Shoulder</li>
    </appliedOnFixedBodyParts>
    <fixedIngredientFilter>
        <thingDefs>
            <li>CapsuleTechArm</li>
        </thingDefs>
    </fixedIngredientFilter>
    <ingredients>
        <li>
            <filter>
                <thingDefs>
                    <li>CapsuleTechArm</li>
                </thingDefs>
            </filter>
            <count>1</count>
        </li>
    </ingredients>
    <surgerySuccessChanceFactor>1.5</surgerySuccessChanceFactor>
    <workAmount>1000</workAmount>
</RecipeDef>


</Defs>