<?xml version="1.0" encoding="UTF-8"?>
<Defs>
	<HairDef>
		<defName>SR_NoHairTransform3</defName>
		<label>no hair</label>
		<texPath>Things/Mote/Transparent</texPath>
		<iconPath>Things/Mote/Transparent</iconPath>
		<category>Minimal</category>
		<styleTags>
			<li>NoHair</li>
		</styleTags>
	</HairDef>
	<HairDef>
		<defName>SR_HairStyleOneTransform3</defName>
		<label>Saiyan hair 1</label>
		<styleGender>Any</styleGender>
		<texPath>SR_Saiyan/Hairs/HairStyleSevenTransform</texPath>
		<category>Rural</category>
	</HairDef>
	<HairDef>
		<defName>SR_HairStyleTwoTransform3</defName>
		<label>Saiyan hair 2</label>
		<styleGender>Any</styleGender>
		<texPath>SR_Saiyan/Hairs/HairStyleSevenTransform</texPath>
		<category>Rural</category>
	</HairDef>
	<HairDef>
		<defName>SR_HairStyleThreeTransform3</defName>
		<label>Saiyan hair 3</label>
		<styleGender>Any</styleGender>
		<texPath>SR_Saiyan/Hairs/HairStyleSevenTransform</texPath>
		<category>Rural</category>
	</HairDef>
	<HairDef>
		<defName>SR_HairStyleFourTransform3</defName>
		<label>Saiyan hair 4</label>
		<styleGender>Any</styleGender>
		<texPath>SR_Saiyan/Hairs/HairStyleSevenTransform</texPath>
		<category>Rural</category>
	</HairDef>
	<HairDef>
		<defName>SR_HairStyleFiveTransform3</defName>
		<label>Saiyan hair 5</label>
		<styleGender>Any</styleGender>
		<texPath>SR_Saiyan/Hairs/HairStyleSevenTransform</texPath>
		<category>Rural</category>
	</HairDef>
	<HairDef>
		<defName>SR_HairStyleSixTransform3</defName>
		<label>Saiyan hair 6</label>
		<styleGender>Any</styleGender>
		<texPath>SR_Saiyan/Hairs/HairStyleSevenTransform</texPath>
		<category>Rural</category>
	</HairDef>
	<HairDef>
		<defName>SR_HairStyleSevenTransform3</defName>
		<label>Saiyan hair 7</label>
		<styleGender>Any</styleGender>
		<texPath>SR_Saiyan/Hairs/HairStyleSevenTransform</texPath>
		<category>Rural</category>
	</HairDef>
	<HairDef>
		<defName>SR_HairStyleEightTransform3</defName>
		<label>Saiyan hair 8</label>
		<styleGender>Any</styleGender>
		<texPath>SR_Saiyan/Hairs/HairStyleSevenTransform</texPath>
		<category>Rural</category>
	</HairDef>
	<HairDef>
		<defName>SR_HairStyleEightBTransform3</defName>
		<label>Saiyan hair 8b</label>
		<styleGender>Any</styleGender>
		<texPath>SR_Saiyan/Hairs/HairStyleSevenTransform</texPath>
		<category>Rural</category>
	</HairDef>
	<HairDef>
		<defName>SR_HairStyleNineTransform3</defName>
		<label>Saiyan hair 9</label>
		<styleGender>Any</styleGender>
		<texPath>SR_Saiyan/Hairs/HairStyleSevenTransform</texPath>
		<category>Rural</category>
	</HairDef>
	<HairDef>
		<defName>SR_HairStyleTenTransform3</defName>
		<label>Saiyan hair 10</label>
		<styleGender>Any</styleGender>
		<texPath>SR_Saiyan/Hairs/HairStyleSevenTransform</texPath>
		<category>Rural</category>
	</HairDef>
	<HairDef>
		<defName>SR_HairStyleElevenTransform3</defName>
		<label>Saiyan hair 11</label>
		<styleGender>Any</styleGender>
		<texPath>SR_Saiyan/Hairs/HairStyleSevenTransform</texPath>
		<category>Rural</category>
	</HairDef>
	<HairDef>
		<defName>SR_HairStyleTwelveTransform3</defName>
		<label>Saiyan hair 12</label>
		<styleGender>Any</styleGender>
		<texPath>SR_Saiyan/Hairs/HairStyleSevenTransform</texPath>
		<category>Rural</category>
	</HairDef>
	<HairDef>
		<defName>SR_HairStyleThirteenTransform3</defName>
		<label>Saiyan hair 13</label>
		<styleGender>Any</styleGender>
		<texPath>SR_Saiyan/Hairs/HairStyleSevenTransform</texPath>
		<category>Rural</category>
	</HairDef>
	<HairDef>
		<defName>SR_HairStyleFourteenTransform3</defName>
		<label>Saiyan hair 14</label>
		<styleGender>Any</styleGender>
		<texPath>SR_Saiyan/Hairs/HairStyleSevenTransform</texPath>
		<category>Rural</category>
	</HairDef>
	<HairDef>
		<defName>SR_HairStyleFifteenTransform3</defName>
		<label>Saiyan hair 15</label>
		<styleGender>Any</styleGender>
		<texPath>SR_Saiyan/Hairs/HairStyleSevenTransform</texPath>
		<category>Rural</category>
	</HairDef>
	<HairDef>
		<defName>SR_HairStyleSixteenTransform3</defName>
		<label>Saiyan hair 16</label>
		<styleGender>Any</styleGender>
		<texPath>SR_Saiyan/Hairs/HairStyleSevenTransform</texPath>
		<category>Rural</category>
	</HairDef>
	<HairDef>
		<defName>SR_HairStyleSeventeenTransform3</defName>
		<label>Saiyan hair 17</label>
		<styleGender>Any</styleGender>
		<texPath>SR_Saiyan/Hairs/HairStyleSevenTransform</texPath>
		<category>Rural</category>
	</HairDef>
	<HairDef>
		<defName>SR_HairStyleEighteenTransform3</defName>
		<label>Saiyan hair 18</label>
		<styleGender>Any</styleGender>
		<texPath>SR_Saiyan/Hairs/HairStyleSevenTransform</texPath>
		<category>Rural</category>
	</HairDef>
	<HairDef>
		<defName>SR_HairStyleNineteenTransform3</defName>
		<label>Saiyan hair 19</label>
		<styleGender>Any</styleGender>
		<texPath>SR_Saiyan/Hairs/HairStyleSevenTransform</texPath>
		<category>Rural</category>
	</HairDef>
</Defs>
